{
  "Component.js": 1597309630987,
  "test/unit/controller/welcome.controller.js": 1597309630991,
  "manifest.json": 1597312329529,
  "test/integration/pages/welcome.js": 1597309630991,
  "test/integration/arrangements/Startup.js": 1597309630991,
  "test/unit/unitTests.qunit.js": 1597309630991,
  "test/unit/AllTests.js": 1597309630991,
  "test/integration/opaTests.qunit.js": 1597309630991,
  "test/integration/NavigationJourney.js": 1597309630987,
  "test/integration/AllJourneys.js": 1597309630987,
  "test/initMockServer.js": 1597309630987,
  "model/models.js": 1597309630987,
  "localService/mockserver.js": 1597309630987,
  "controller/welcome.controller.js": 1597309630991,
  "i18n/i18n.properties": 1597309630987,
  "manifest-bundle.zip": 1597312329323,
  "Component-preload.js": 1597312329485,
  "test/unit/controller/welcome-dbg.controller.js": 1597309630991,
  "test/integration/pages/welcome-dbg.js": 1597309630991,
  "test/integration/arrangements/Startup-dbg.js": 1597309630991,
  "test/unit/unitTests.qunit-dbg.js": 1597309630991,
  "test/unit/AllTests-dbg.js": 1597309630991,
  "test/integration/opaTests.qunit-dbg.js": 1597309630991,
  "test/integration/NavigationJourney-dbg.js": 1597309630987,
  "test/integration/AllJourneys-dbg.js": 1597309630987,
  "test/initMockServer-dbg.js": 1597309630987,
  "model/models-dbg.js": 1597309630987,
  "localService/mockserver-dbg.js": 1597309630987,
  "controller/welcome-dbg.controller.js": 1597309630991,
  "Component-dbg.js": 1597309630987,
  "resources.json": 1597312329532,
  "test/unit/unitTests.qunit.html": 1597309630991,
  "test/integration/opaTests.qunit.html": 1597309630991,
  "view/welcome.view.xml": 1597309630991,
  "test/mockServer.html": 1597309630987,
  "css/style.css": 1597309630987,
  "index.html": 1597309630987
}